,baseMean,log2FoldChange,lfcSE,stat,pvalue,padj
ENSG00000003402,2546.609326,1.183447518,0.163539129,7.236479281,4.60E-13,5.47E-11
ENSG00000004799,914.3705947,2.544058457,0.901175649,2.823043944,0.004757005,0.03596822
ENSG00000004846,17.99894488,-1.881300509,0.6998346,-2.68820734,0.007183678,0.049342567
ENSG00000005471,33.66369965,-1.218687262,0.434789205,-2.802938175,0.005063938,0.037723467
ENSG00000006788,10.25344847,3.169102485,1.067378051,2.969053449,0.002987186,0.025095363
ENSG00000008256,3716.565418,1.204630205,0.204288466,5.896711794,3.71E-09,1.89E-07
ENSG00000008311,721.9414187,1.10779922,0.169645698,6.530075526,6.57E-11,5.00E-09
ENSG00000009413,7584.974888,1.120089717,0.168354024,6.653180565,2.87E-11,2.39E-09
ENSG00000011198,1159.402959,1.089639715,0.202003263,5.394168881,6.88E-08,2.57E-06
ENSG00000012048,221.1096048,-1.209386274,0.173819178,-6.957726334,3.46E-12,3.48E-10
ENSG00000013293,244.4940065,-2.8369752,0.359762784,-7.885682815,3.13E-15,4.62E-13
ENSG00000013297,3431.544553,-1.716088921,0.263088948,-6.522846872,6.90E-11,5.21E-09
ENSG00000015520,17.51269025,-2.560382683,0.718642962,-3.56280214,0.000366917,0.004618442
ENSG00000016391,92.11010484,-2.043052619,0.453262552,-4.50743749,6.56E-06,0.000145404
ENSG00000019186,14.08751734,-4.429294606,1.036205768,-4.274531895,1.92E-05,0.000375234
ENSG00000020577,3104.999031,1.207115838,0.147996953,8.156356039,3.45E-16,5.94E-14
ENSG00000021645,35.95867833,1.869174282,0.629914977,2.967343771,0.003003849,0.025200856
ENSG00000023909,1927.703865,1.24618873,0.200005625,6.230768407,4.64E-10,2.94E-08
ENSG00000025423,169.2018165,-2.184449084,0.506073605,-4.316465163,1.59E-05,0.00031874
ENSG00000025708,144.6969864,1.274690029,0.312291925,4.08172587,4.47E-05,0.000772229
ENSG00000028277,34.45727202,-2.016482038,0.519974337,-3.878041463,0.000105301,0.001607889
ENSG00000035664,633.0396892,1.569461822,0.441527386,3.554619423,0.000378527,0.004751579
ENSG00000040731,72.26896636,-1.824467333,0.676829666,-2.69560781,0.007026034,0.04851309
ENSG00000041515,10.13165552,1.739159993,0.529035632,3.287415607,0.001011115,0.010645901
ENSG00000046653,1090.456439,2.584500782,0.765065676,3.37814238,0.000729773,0.008189377
ENSG00000048540,60.06514126,1.430896814,0.415211459,3.446188164,0.000568554,0.006628964
ENSG00000049246,196.0282656,-2.165377901,0.283212158,-7.645780169,2.08E-14,2.71E-12
ENSG00000049759,1212.977071,-1.081308139,0.193985475,-5.574170642,2.49E-08,1.05E-06
ENSG00000054938,93.37998264,-1.376821327,0.430047103,-3.201559356,0.001366859,0.013561805
ENSG00000055163,284.2309111,-1.011887955,0.259700298,-3.896368089,9.76E-05,0.001504728
ENSG00000056736,73.8580982,-1.016304802,0.281653935,-3.608345829,0.000308156,0.004003993
ENSG00000057657,212.5529497,1.270572272,0.297895659,4.265158743,2.00E-05,0.000388375
ENSG00000060718,363.7631441,2.382561959,0.646007925,3.688131162,0.000225907,0.00307654
ENSG00000061337,66.69093917,-1.012773663,0.229116247,-4.420348524,9.85E-06,0.000209544
ENSG00000064201,16.97969281,-1.600924845,0.457156302,-3.501920104,0.000461918,0.005625808
ENSG00000064309,348.4669034,-1.646490934,0.299223087,-5.502553134,3.74E-08,1.51E-06
ENSG00000065809,2255.373189,-1.013418222,0.182110798,-5.564844228,2.62E-08,1.09E-06
ENSG00000066468,28.70316094,-2.360114815,0.681547345,-3.462877279,0.000534432,0.006296588
ENSG00000067082,3242.401288,1.110434385,0.15537422,7.146838034,8.88E-13,1.02E-10
ENSG00000067798,705.2072819,2.258512091,0.385570131,5.8575909,4.70E-09,2.31E-07
ENSG00000068383,1247.239149,1.39524789,0.299886769,4.652582355,3.28E-06,8.00E-05
ENSG00000068831,97.80859655,1.956442157,0.319755898,6.118549081,9.44E-10,5.70E-08
ENSG00000069431,849.0972149,1.047202883,0.303881538,3.446089187,0.000568763,0.006628964
ENSG00000069535,394.7514576,1.206439171,0.38894113,3.101855466,0.001923118,0.017698263
ENSG00000070388,5.957669185,2.912918495,0.782996042,3.720221226,0.000199048,0.00276431
ENSG00000070404,2128.121776,1.865063921,0.299229663,6.232884484,4.58E-10,2.92E-08
ENSG00000070808,23.58529778,-2.264946785,0.410109444,-5.522786216,3.34E-08,1.36E-06
ENSG00000070882,1106.499129,-1.095462072,0.216235986,-5.066048866,4.06E-07,1.23E-05
ENSG00000071282,3659.862128,1.596199768,0.227835599,7.005927835,2.45E-12,2.52E-10
ENSG00000072163,665.1503927,1.302738139,0.331864565,3.925511422,8.65E-05,0.001356373
ENSG00000072571,36.62781715,1.54078072,0.305835232,5.037943836,4.71E-07,1.42E-05
ENSG00000072958,2129.433093,1.088513852,0.126830069,8.582458903,9.29E-18,1.90E-15
ENSG00000073756,71.61899716,-1.229098393,0.452017813,-2.719137072,0.006545248,0.046024817
ENSG00000074590,412.6398275,1.365475124,0.18982236,7.193436677,6.32E-13,7.41E-11
ENSG00000074660,29.00852214,1.334540589,0.334397539,3.990880416,6.58E-05,0.001078498
ENSG00000075213,714.2924227,-1.222370819,0.226526718,-5.396144134,6.81E-08,2.55E-06
ENSG00000075240,576.8346739,-1.155564895,0.192780178,-5.994210114,2.04E-09,1.11E-07
ENSG00000077063,329.8810958,-1.063639285,0.174075021,-6.110235001,9.95E-10,5.95E-08
ENSG00000077684,1570.633927,1.206879002,0.109734438,10.99817907,3.90E-28,2.76E-25
ENSG00000077943,468.3823236,1.099143709,0.320143665,3.433282711,0.00059632,0.006893429
ENSG00000078053,358.6889925,1.15004716,0.166872863,6.891756619,5.51E-12,5.23E-10
ENSG00000078114,7.623360024,3.308305535,1.202774883,2.750560875,0.005949334,0.042546399
ENSG00000079101,6.772466315,-2.972318298,0.8862902,-3.353662601,0.000797495,0.008793939
ENSG00000079435,31.52080045,1.037439929,0.346041611,2.998020747,0.002717392,0.023438299
ENSG00000079462,58.31163052,-1.033184212,0.208241192,-4.961478583,7.00E-07,2.00E-05
ENSG00000079691,1509.446609,1.177501886,0.193259288,6.092860526,1.11E-09,6.53E-08
ENSG00000081052,207.1345772,1.972799312,0.407428077,4.842079924,1.28E-06,3.45E-05
ENSG00000081320,1491.689983,1.11173638,0.296150904,3.75395234,0.000174068,0.002452534
ENSG00000082126,22.21247221,1.229279511,0.400694599,3.067871427,0.002155894,0.019532082
ENSG00000083223,1486.903832,1.123700771,0.175128779,6.41642554,1.40E-10,9.77E-09
ENSG00000083290,1522.661602,1.183376926,0.219353577,5.394837613,6.86E-08,2.57E-06
ENSG00000084090,3609.490275,1.270176763,0.19163031,6.628266508,3.40E-11,2.80E-09
ENSG00000084710,10.39574427,-2.68473758,0.670718603,-4.002777869,6.26E-05,0.001029318
ENSG00000085117,1911.078823,1.250940678,0.274806875,4.552071985,5.31E-06,0.000121366
ENSG00000087448,907.6579618,1.058444273,0.128137381,8.260230276,1.45E-16,2.65E-14
ENSG00000088756,685.720869,-1.480496404,0.453347588,-3.265698207,0.001091946,0.01134133
ENSG00000089041,96.75596293,-1.919058788,0.290634666,-6.602993418,4.03E-11,3.27E-09
ENSG00000091262,123.7641498,-1.032775285,0.250209094,-4.12764888,3.66E-05,0.000649561
ENSG00000091428,36.17768,-1.125692161,0.30976543,-3.634014812,0.000279045,0.003688881
ENSG00000091831,34.65494368,-1.240784492,0.418420984,-2.965397384,0.003022922,0.025314736
ENSG00000092621,1231.091887,-1.432245878,0.270449085,-5.295805967,1.18E-07,4.20E-06
ENSG00000092853,27.27816552,-1.145008102,0.361416446,-3.168112891,0.001534319,0.014844579
ENSG00000092969,200.644149,-1.581171652,0.290244991,-5.447713836,5.10E-08,1.99E-06
ENSG00000095585,21.11275632,-2.567078423,0.71957337,-3.567500593,0.000360403,0.004545762
ENSG00000095637,44.30566747,1.900967957,0.362365952,5.24598944,1.55E-07,5.33E-06
ENSG00000096060,2564.384375,3.938431015,0.296906744,13.26487559,3.70E-40,5.24E-37
ENSG00000097096,201.5841176,1.306250496,0.256180103,5.098953745,3.42E-07,1.07E-05
ENSG00000099194,785.2070764,-2.001143587,0.402568119,-4.970944026,6.66E-07,1.93E-05
ENSG00000099204,848.5848543,1.413160855,0.238058731,5.93618579,2.92E-09,1.51E-07
ENSG00000099337,530.0588494,2.807790785,0.364570788,7.701634032,1.34E-14,1.81E-12
ENSG00000099840,37.67557697,1.03630409,0.306583994,3.380163705,0.000724427,0.008139303
ENSG00000099849,42.79501012,1.220027966,0.353326069,3.452980328,0.000554429,0.006482424
ENSG00000099860,368.1581926,1.455893846,0.178399209,8.160876128,3.33E-16,5.78E-14
ENSG00000099998,506.243742,2.418855898,0.845832977,2.859732315,0.004239987,0.032847862
ENSG00000100033,55.36392009,4.960856307,0.6238379,7.952156008,1.83E-15,2.84E-13
ENSG00000100206,36.29875148,1.905040276,0.424833195,4.484207684,7.32E-06,0.000160633
ENSG00000100242,2236.242036,1.911110239,0.273296626,6.992805832,2.69E-12,2.74E-10
ENSG00000100292,2399.368902,-1.332423216,0.263552787,-5.0556218,4.29E-07,1.30E-05
ENSG00000100302,35.84451581,-1.981917066,0.451044742,-4.394058682,1.11E-05,0.000234141
ENSG00000100592,756.5396074,-1.002722964,0.184386978,-5.438144128,5.38E-08,2.09E-06
ENSG00000100739,134.5347303,-1.752139946,0.348179404,-5.032290607,4.85E-07,1.45E-05
ENSG00000100767,208.8129287,1.090903772,0.309109819,3.529178641,0.000416852,0.005162288
ENSG00000100784,87.3227602,-2.453654801,0.291992062,-8.403155854,4.35E-17,8.43E-15
ENSG00000101255,284.1699991,-1.102558665,0.272782249,-4.041900348,5.30E-05,0.000891652
ENSG00000101265,1645.90075,-1.081592613,0.395790243,-2.732741985,0.006280951,0.044486046
ENSG00000101342,42.90137769,4.186883486,0.507683709,8.247031387,1.62E-16,2.93E-14
ENSG00000101347,12703.41283,3.857750212,0.279324769,13.81098504,2.19E-43,4.03E-40
ENSG00000101825,4767.104691,-1.351522699,0.265260814,-5.095071065,3.49E-07,1.08E-05
ENSG00000101938,196.0140128,1.098465885,0.390410537,2.813617411,0.004898749,0.036718074
ENSG00000102385,110.9984314,-1.061565883,0.250039059,-4.245600223,2.18E-05,0.000419941
ENSG00000102466,664.6806452,1.207488484,0.326792474,3.694970296,0.000219912,0.00300645
ENSG00000102524,64.04147317,-1.713711601,0.282903642,-6.057580549,1.38E-09,7.95E-08
ENSG00000102554,149.5521666,2.586977984,0.407730931,6.344816616,2.23E-10,1.51E-08
ENSG00000102760,1136.387575,3.16730691,0.685136992,4.622881183,3.78E-06,9.07E-05
ENSG00000102804,5397.335588,1.19402338,0.16155469,7.390830823,1.46E-13,1.83E-11
ENSG00000102935,36.14792707,-1.133152494,0.314142112,-3.607133365,0.000309599,0.004003993
ENSG00000102984,90.33283375,-1.395201951,0.215132839,-6.485304421,8.86E-11,6.55E-09
ENSG00000102996,165.3163027,1.266745022,0.287635793,4.403989533,1.06E-05,0.000224439
ENSG00000103064,780.7654436,1.425102956,0.173580521,8.210039608,2.21E-16,3.88E-14
ENSG00000103175,250.4579071,1.709092704,0.363293509,4.704440518,2.55E-06,6.40E-05
ENSG00000103196,3082.088885,2.700580971,0.260942315,10.34934088,4.21E-25,2.10E-22
ENSG00000103257,403.7458059,-1.165935245,0.287682919,-4.052848348,5.06E-05,0.000855609
ENSG00000103485,865.1998171,-1.210893208,0.137729491,-8.79182229,1.47E-18,3.30E-16
ENSG00000103647,544.4211105,-1.263410588,0.261234469,-4.836308905,1.32E-06,3.54E-05
ENSG00000103710,1054.925112,-1.033604791,0.263682093,-3.919889973,8.86E-05,0.001383693
ENSG00000103742,370.8277705,-2.131977263,0.652875936,-3.265516685,0.001092646,0.011342204
ENSG00000104894,23.77587593,-1.181402219,0.3716195,-3.17906412,0.001477514,0.014403611
ENSG00000104951,7.102030254,-2.262106334,0.69851703,-3.238441208,0.001201848,0.0122344
ENSG00000105486,143.6057504,-1.009145048,0.216038254,-4.67114055,3.00E-06,7.40E-05
ENSG00000105516,84.57430517,-1.655119278,0.203731572,-8.12401958,4.51E-16,7.48E-14
ENSG00000105664,5.614714586,2.082062658,0.744264315,2.797477478,0.005150336,0.038160251
ENSG00000105711,101.3707271,-1.286351429,0.245079197,-5.248717341,1.53E-07,5.26E-06
ENSG00000105835,2640.34214,1.055651658,0.155196652,6.802025952,1.03E-11,9.40E-10
ENSG00000105889,230.6198191,1.039018899,0.312773665,3.321951347,0.000893903,0.009618494
ENSG00000105989,333.2095512,-3.116510411,0.903545941,-3.449199725,0.000562251,0.006561373
ENSG00000106003,16.42816237,-2.63248147,0.604957499,-4.351514732,1.35E-05,0.000278491
ENSG00000106034,2427.536372,1.095110066,0.336647699,3.252985454,0.001141993,0.011755064
ENSG00000106123,2287.859937,1.328440862,0.339254705,3.915762531,9.01E-05,0.001404148
ENSG00000106484,677.2072506,-1.772649898,0.611223965,-2.900164259,0.003729672,0.029726995
ENSG00000106617,1018.354025,1.574231283,0.259157325,6.074423251,1.24E-09,7.21E-08
ENSG00000106976,884.7374008,-1.755195101,0.203169283,-8.639077087,5.67E-18,1.21E-15
ENSG00000107104,1276.707454,1.230182464,0.265755717,4.628997173,3.67E-06,8.84E-05
ENSG00000107562,25136.08902,-1.949229879,0.278856498,-6.990082329,2.75E-12,2.78E-10
ENSG00000107611,41.08188701,-1.542723166,0.341987426,-4.511052302,6.45E-06,0.000143292
ENSG00000107731,562.1387098,-1.026022806,0.245816349,-4.173940466,2.99E-05,0.000548013
ENSG00000107796,2427.811637,1.18026767,0.287109693,4.110859713,3.94E-05,0.000693976
ENSG00000107821,484.0723191,-1.084278031,0.312250023,-3.472467424,0.000515698,0.006138528
ENSG00000107968,536.6594863,1.132296994,0.176614893,6.411107082,1.44E-10,1.00E-08
ENSG00000108387,19.07366617,1.932867679,0.477671975,4.046433075,5.20E-05,0.00087617
ENSG00000108602,7.425423248,-2.475219687,0.835637727,-2.962072685,0.003055756,0.025543238
ENSG00000108604,2178.076377,1.277681014,0.185391093,6.891814467,5.51E-12,5.23E-10
ENSG00000108684,7.445665274,-2.351972396,0.758283426,-3.101706191,0.001924088,0.017698344
ENSG00000108700,15.02265587,-3.690046996,1.001513191,-3.684471687,0.000229177,0.003112318
ENSG00000108821,100989.916,-1.299470977,0.115311208,-11.26925123,1.86E-29,1.63E-26
ENSG00000108830,158.2610755,-2.365088613,0.297030965,-7.96243116,1.69E-15,2.63E-13
ENSG00000108950,1011.564937,1.086006039,0.198352681,5.475126584,4.37E-08,1.74E-06
ENSG00000108960,1723.123102,1.642958507,0.230432015,7.129905582,1.00E-12,1.13E-10
ENSG00000109625,41.49714231,-1.774488508,0.315463205,-5.625025297,1.85E-08,8.11E-07
ENSG00000109674,47.91379643,-1.364428122,0.353892739,-3.855484935,0.0001155,0.00172922
ENSG00000109689,1142.662775,-1.020907021,0.179385208,-5.691143853,1.26E-08,5.69E-07
ENSG00000109861,4057.998733,1.009534917,0.236300397,4.272252306,1.94E-05,0.000378688
ENSG00000109881,67.04292971,-1.313115239,0.220608261,-5.95224873,2.64E-09,1.39E-07
ENSG00000109906,385.0713277,7.176149396,0.4963593,14.45757015,2.25E-47,5.17E-44
ENSG00000110203,19.06966018,-1.445567126,0.471473571,-3.066061844,0.002168984,0.019610205
ENSG00000110756,995.2522221,1.591092637,0.170870779,9.311671937,1.26E-20,3.86E-18
ENSG00000110900,262.8040921,-1.454701075,0.308501784,-4.715373293,2.41E-06,6.08E-05
ENSG00000111110,18.00612369,-1.303467637,0.454757949,-2.866288848,0.004153151,0.032338384
ENSG00000111728,193.4129466,-1.495172186,0.288156579,-5.188749093,2.12E-07,6.99E-06
ENSG00000111816,88.83993424,-1.137645639,0.223634595,-5.087073587,3.64E-07,1.12E-05
ENSG00000111859,1772.54117,1.667000932,0.286347544,5.821600241,5.83E-09,2.83E-07
ENSG00000112137,44.37651842,-1.050138691,0.364995349,-2.877128969,0.004013115,0.031575444
ENSG00000112218,58.54655378,1.425918421,0.439683679,3.243055156,0.001182553,0.012078046
ENSG00000112715,1874.105177,-1.18414816,0.256442278,-4.617601156,3.88E-06,9.23E-05
ENSG00000112773,516.7971562,-1.190827154,0.137956952,-8.631874903,6.04E-18,1.28E-15
ENSG00000112837,2754.943031,-1.803384435,0.199327048,-9.047364378,1.46E-19,3.91E-17
ENSG00000112936,1960.707109,3.214648583,0.634287515,5.068125268,4.02E-07,1.22E-05
ENSG00000114098,1010.292829,1.356881629,0.125664887,10.79761943,3.53E-27,2.32E-24
ENSG00000114270,1546.907778,1.228490921,0.184160965,6.670745461,2.55E-11,2.15E-09
ENSG00000114670,184.3415689,-1.256366177,0.190877982,-6.58203826,4.64E-11,3.72E-09
ENSG00000115419,3865.240605,1.186146374,0.150471615,7.882857977,3.20E-15,4.68E-13
ENSG00000115828,345.355415,1.142672687,0.301921008,3.784674322,0.00015391,0.002226436
ENSG00000116106,292.733729,1.361206473,0.441335892,3.084286813,0.002040408,0.018675005
ENSG00000116194,237.0445396,2.019203068,0.420808332,4.798391371,1.60E-06,4.21E-05
ENSG00000116285,3232.635881,2.439847076,0.229362923,10.63749558,1.99E-26,1.11E-23
ENSG00000116299,30.6983905,-1.118853475,0.343309465,-3.259023094,0.001117966,0.011539988
ENSG00000116584,2250.580891,-1.014492384,0.082425009,-12.30806513,8.20E-35,1.01E-31
ENSG00000116675,50.89906259,2.131735978,0.438541297,4.860969751,1.17E-06,3.16E-05
ENSG00000116690,24.92411983,1.730320767,0.575305441,3.007655837,0.002632711,0.02290098
ENSG00000116711,111.9684219,-2.50264686,0.397640292,-6.293745654,3.10E-10,2.05E-08
ENSG00000116962,9435.943317,1.555719398,0.254369071,6.115992769,9.60E-10,5.77E-08
ENSG00000116991,119.8537498,-2.718111644,0.556335392,-4.88574281,1.03E-06,2.81E-05
ENSG00000117152,104.8388196,-1.094050203,0.36991177,-2.957597708,0.003100465,0.025825894
ENSG00000117461,215.5091467,-1.680817412,0.345196345,-4.86916341,1.12E-06,3.04E-05
ENSG00000117479,262.8551342,1.052283031,0.301503359,3.490120419,0.000482803,0.005830043
ENSG00000117600,39.28739682,-2.078779818,0.565609303,-3.675292833,0.000237577,0.00321453
ENSG00000118257,1755.471499,1.022810374,0.187626803,5.451302037,5.00E-08,1.96E-06
ENSG00000118507,100.5002271,1.033389743,0.190598472,5.421815453,5.90E-08,2.26E-06
ENSG00000118689,5165.47548,1.27173395,0.146459743,8.68316388,3.85E-18,8.34E-16
ENSG00000119138,1683.276229,2.110139687,0.205790724,10.25381341,1.14E-24,5.51E-22
ENSG00000119139,5029.854777,1.957446231,0.24996083,7.831011875,4.84E-15,6.86E-13
ENSG00000119508,216.6743694,2.121315378,0.321682414,6.594439996,4.27E-11,3.45E-09
ENSG00000119514,286.1114821,-1.155643336,0.388725382,-2.972904241,0.002949965,0.024862059
ENSG00000119630,712.0553993,-1.201576396,0.421983145,-2.84745116,0.004407086,0.033857522
ENSG00000119703,28.79839983,-1.23309681,0.329787004,-3.739070349,0.000184702,0.002588089
ENSG00000119711,562.9811237,1.243422479,0.200884324,6.189743712,6.03E-10,3.72E-08
ENSG00000119714,54.81222501,-2.90162616,0.428361103,-6.773785342,1.25E-11,1.13E-09
ENSG00000120129,3409.038355,2.949012813,0.201546444,14.63192682,1.76E-48,5.39E-45
ENSG00000120162,60.67042764,2.802875704,0.437436862,6.40749774,1.48E-10,1.02E-08
ENSG00000120837,1841.387254,1.027167642,0.322231914,3.187665771,0.001434262,0.014078858
ENSG00000120899,391.3981292,1.101861946,0.37758347,2.918194343,0.003520648,0.028548103
ENSG00000121621,31.79074654,-1.495517425,0.412988289,-3.621210249,0.000293228,0.003848749
ENSG00000122035,943.3407353,2.371771611,0.405897863,5.843271982,5.12E-09,2.51E-07
ENSG00000122641,880.3094975,1.090630912,0.34131495,3.195379844,0.001396469,0.01378134
ENSG00000122679,10.35399827,-4.051171092,1.229505012,-3.294961023,0.000984353,0.010417739
ENSG00000122877,17.05240514,-3.076582353,0.504299335,-6.100706744,1.06E-09,6.23E-08
ENSG00000122966,288.8925015,-1.586084357,0.225750341,-7.025833707,2.13E-12,2.25E-10
ENSG00000123358,180.6406706,1.286396612,0.261016473,4.928411589,8.29E-07,2.33E-05
ENSG00000123405,13.52858488,-2.834246731,0.579424781,-4.891483458,1.00E-06,2.74E-05
ENSG00000123562,5040.483344,1.028310455,0.095951667,10.7169629,8.47E-27,5.20E-24
ENSG00000123610,322.7299082,-2.511600978,0.476778805,-5.267853671,1.38E-07,4.77E-06
ENSG00000123612,20.52038301,-1.446364383,0.389620799,-3.712236072,0.000205436,0.002838041
ENSG00000123685,42.35090336,1.937755394,0.464522084,4.171503276,3.03E-05,0.000552809
ENSG00000123689,42.13453724,-2.676193376,0.475978989,-5.622503178,1.88E-08,8.21E-07
ENSG00000124134,26.08361337,-2.739221015,0.750973126,-3.647561969,0.00026474,0.003527638
ENSG00000124151,1569.90433,1.400188928,0.203110907,6.893716093,5.44E-12,5.21E-10
ENSG00000124249,96.62562622,-1.48898681,0.461269295,-3.228020651,0.0012465,0.01259782
ENSG00000124374,25.56484848,1.275023412,0.371528085,3.431835879,0.00059951,0.006925961
ENSG00000124440,197.0426906,2.552150674,0.461444717,5.530783169,3.19E-08,1.31E-06
ENSG00000124466,19.9281821,-1.421651012,0.40757403,-3.488080466,0.000486502,0.005852886
ENSG00000124762,8020.492155,-1.005981565,0.227526354,-4.421384805,9.81E-06,0.000209262
ENSG00000124766,1281.456787,-2.357455432,0.253091196,-9.3146481,1.22E-20,3.82E-18
ENSG00000125148,3656.2674,2.203468278,0.147419127,14.94696331,1.63E-50,6.00E-47
ENSG00000125398,566.4714527,-1.254108879,0.346907192,-3.615113513,0.000300216,0.003912582
ENSG00000125657,13.31155012,-1.76174732,0.511938123,-3.441328632,0.000578865,0.006738179
ENSG00000125848,178.652502,-2.367063347,0.340358917,-6.954609469,3.54E-12,3.52E-10
ENSG00000125965,244.3346379,-1.296681092,0.270484931,-4.793912509,1.64E-06,4.30E-05
ENSG00000126016,386.4124426,-2.296900366,0.344466315,-6.667997023,2.59E-11,2.17E-09
ENSG00000126785,672.6162101,-1.178577257,0.30676351,-3.84197344,0.000122049,0.001812527
ENSG00000126803,449.1768365,2.558026373,0.646122046,3.959045184,7.53E-05,0.001197691
ENSG00000126860,22.3216226,-1.502811389,0.368379001,-4.079525122,4.51E-05,0.000778116
ENSG00000126861,309.3042159,-1.710606699,0.24417791,-7.00557514,2.46E-12,2.52E-10
ENSG00000126878,93.25906391,-2.714385894,0.477507345,-5.684490345,1.31E-08,5.88E-07
ENSG00000126882,17.96074886,-1.075177426,0.375324146,-2.864663616,0.004174524,0.03243623
ENSG00000126950,786.1083084,-1.645214586,0.306142887,-5.374008856,7.70E-08,2.84E-06
ENSG00000127083,304.4750823,1.784431812,0.645347462,2.765071404,0.005691034,0.041108043
ENSG00000127324,26.40568535,4.387443768,0.842786667,5.205877049,1.93E-07,6.42E-06
ENSG00000127589,307.2649888,-1.163905737,0.28099692,-4.142058703,3.44E-05,0.000613006
ENSG00000127824,228.716783,-1.539220309,0.191636698,-8.031970502,9.59E-16,1.51E-13
ENSG00000127954,286.3887533,5.287084964,0.900415807,5.871826023,4.31E-09,2.15E-07
ENSG00000128045,124.2165144,3.998889225,1.030983339,3.878713725,0.00010501,0.001604783
ENSG00000128165,58.75174654,-2.692953101,0.431334794,-6.243301343,4.28E-10,2.76E-08
ENSG00000128262,161.6382874,1.571781295,0.531488139,2.957321492,0.003103244,0.025831785
ENSG00000128285,6.62464689,-5.338693786,1.151340518,-4.636937295,3.54E-06,8.55E-05
ENSG00000128311,316.4089843,1.304816797,0.147310648,8.857586444,8.18E-19,1.88E-16
ENSG00000128342,153.1200462,-2.508421634,0.346810593,-7.23282877,4.73E-13,5.58E-11
ENSG00000128510,164.0435235,-2.273945464,0.726735206,-3.128987621,0.001754097,0.01648887
ENSG00000128594,19.0092623,-1.771014036,0.496989087,-3.563486772,0.000365961,0.004609558
ENSG00000128606,1137.030916,-2.185340548,0.654828533,-3.337271422,0.000846053,0.00920043
ENSG00000128699,1855.279253,1.011031274,0.154499486,6.543913525,5.99E-11,4.62E-09
ENSG00000128917,68.5030415,3.687852237,1.300164544,2.836450398,0.004561806,0.034741797
ENSG00000128923,1415.677101,1.035305249,0.122279146,8.466736041,2.52E-17,5.00E-15
ENSG00000129048,1441.831707,-1.454446298,0.311849619,-4.663934829,3.10E-06,7.62E-05
ENSG00000129270,6.077700669,2.266362629,0.818539222,2.768789285,0.005626501,0.04077608
ENSG00000129467,105.7312859,-1.641806134,0.273197783,-6.00958805,1.86E-09,1.03E-07
ENSG00000130066,4098.119994,1.321198392,0.167049965,7.909001314,2.59E-15,3.98E-13
ENSG00000130487,7.000895091,-2.852411367,0.974311177,-2.927618438,0.003415689,0.027918296
ENSG00000130513,451.0011464,-1.856810871,0.289076211,-6.423257253,1.33E-10,9.45E-09
ENSG00000130592,19.94329917,-2.051506758,0.615341156,-3.333933928,0.00085627,0.009275418
ENSG00000131242,31.70908677,-2.203954267,0.335084923,-6.577300608,4.79E-11,3.82E-09
ENSG00000131386,11496.51218,1.543433642,0.286374013,5.389572983,7.06E-08,2.63E-06
ENSG00000131389,740.4031339,-2.119642,0.222524604,-9.525427566,1.64E-21,5.82E-19
ENSG00000131459,1022.487555,1.31224503,0.267612531,4.903526105,9.41E-07,2.59E-05
ENSG00000131730,20.03314986,-1.193374289,0.355452784,-3.35733561,0.000786975,0.008710107
ENSG00000131771,95.41809509,-3.045497395,0.888734511,-3.426779714,0.000610784,0.007034142
ENSG00000131979,85.06900481,1.624588456,0.27344521,5.941184542,2.83E-09,1.48E-07
ENSG00000132170,516.1351786,1.037420873,0.297558917,3.486438529,0.000489498,0.005880041
ENSG00000132321,24.97073962,-1.476283647,0.475846434,-3.102437134,0.001919343,0.017687592
ENSG00000132326,92.56235154,-1.120341582,0.371358822,-3.016870788,0.002553987,0.022300456
ENSG00000132334,80.14694867,1.349970718,0.487486087,2.769249735,0.005618555,0.040734524
ENSG00000132518,5.654706902,6.026130825,1.249710398,4.822021833,1.42E-06,3.78E-05
ENSG00000132622,65.54872494,-2.333320325,0.362959683,-6.428593681,1.29E-10,9.23E-09
ENSG00000132854,6.009337596,-3.37026583,1.112548291,-3.029320937,0.002451042,0.02163755
ENSG00000132965,12.57353175,1.70587213,0.604194802,2.82338101,0.004752006,0.035952421
ENSG00000132970,1322.814869,1.102564993,0.118198838,9.328052716,1.08E-20,3.42E-18
ENSG00000133069,144.0736843,-1.048323343,0.18516654,-5.661516077,1.50E-08,6.66E-07
ENSG00000133142,3055.980677,1.547869989,0.156162301,9.911931264,3.69E-23,1.45E-20
ENSG00000133216,344.0532478,-1.740296726,0.377524274,-4.609761136,4.03E-06,9.53E-05
ENSG00000133401,90.81273173,1.240239984,0.32244918,3.846311482,0.000119909,0.001783627
ENSG00000133816,1756.159875,1.119332439,0.269652311,4.15102113,3.31E-05,0.000597517
ENSG00000134070,46.66680919,-1.028382357,0.323551844,-3.178415995,0.001480821,0.014428213
ENSG00000134243,5510.956477,2.224044078,0.267435066,8.316202182,9.08E-17,1.69E-14
ENSG00000134253,136.9202139,-1.967646354,0.21187838,-9.286678319,1.59E-20,4.73E-18
ENSG00000134259,45.12069943,-1.358968413,0.449265608,-3.024866334,0.00248743,0.021854022
ENSG00000134294,20597.34256,1.232759387,0.175709311,7.015902445,2.28E-12,2.38E-10
ENSG00000134321,5.498173261,-3.610266109,1.315625427,-2.744144371,0.006066885,0.043235947
ENSG00000134363,2906.309739,-1.782650852,0.314704927,-5.664515236,1.47E-08,6.56E-07
ENSG00000134376,6.526923654,-2.004584962,0.738918968,-2.712861693,0.006670494,0.046635212
ENSG00000134686,2737.981626,1.387168044,0.091658697,15.13405803,9.66E-52,4.45E-48
ENSG00000135069,724.5841652,-1.267401977,0.297401244,-4.261589352,2.03E-05,0.000392631
ENSG00000135362,111.7586187,1.54123028,0.19848596,7.764933497,8.17E-15,1.13E-12
ENSG00000135472,155.8376566,-1.636562771,0.360563804,-4.538899225,5.65E-06,0.000128244
ENSG00000135604,21.33254538,2.472975072,0.589508773,4.194975861,2.73E-05,0.000507111
ENSG00000135678,856.4639218,1.464827533,0.299194888,4.895897595,9.79E-07,2.69E-05
ENSG00000135821,19611.25138,3.004160071,0.268753893,11.1781081,5.22E-29,4.37E-26
ENSG00000135917,50.64217326,1.404578093,0.383433434,3.663160199,0.000249123,0.003351054
ENSG00000136237,98.51905171,2.777332788,0.511138425,5.433621608,5.52E-08,2.13E-06
ENSG00000136267,8.399302274,-3.257683299,1.16556216,-2.794946002,0.005190838,0.038327703
ENSG00000136383,68.7869977,3.039856577,0.528509238,5.751756752,8.83E-09,4.14E-07
ENSG00000136436,3129.159421,1.15224079,0.180503463,6.383482998,1.73E-10,1.19E-08
ENSG00000136478,3701.517775,1.485486597,0.215736174,6.885663022,5.75E-12,5.43E-10
ENSG00000136546,4991.237071,1.426610633,0.383105211,3.723808999,0.000196239,0.002729418
ENSG00000136999,435.7063581,-2.579601677,0.332473175,-7.758826479,8.57E-15,1.18E-12
ENSG00000137266,141.4250647,-1.377966099,0.223927676,-6.153621209,7.57E-10,4.63E-08
ENSG00000137331,136.2521253,-1.240744653,0.408959078,-3.033909064,0.002414072,0.02137266
ENSG00000137393,158.2837741,2.174942852,0.362676779,5.996917852,2.01E-09,1.10E-07
ENSG00000137642,14.75155002,-1.666911392,0.550243286,-3.029407962,0.002450336,0.02163755
ENSG00000137672,655.4488541,1.95881739,0.223867502,8.749896119,2.14E-18,4.68E-16
ENSG00000137673,5.102829752,5.15202459,1.374812099,3.747439081,0.000178649,0.002513235
ENSG00000137767,879.7854863,1.030926996,0.1657765,6.218776451,5.01E-10,3.14E-08
ENSG00000137801,90563.36142,1.958671705,0.290540221,6.741482115,1.57E-11,1.39E-09
ENSG00000137869,63.25005756,1.144119729,0.344078463,3.325171004,0.000883643,0.009527102
ENSG00000137872,288.7704701,-1.325894195,0.245526842,-5.400200574,6.66E-08,2.51E-06
ENSG00000137880,101.9625045,1.34636543,0.242426972,5.553694873,2.80E-08,1.16E-06
ENSG00000137959,102.2451203,1.733699531,0.370289996,4.682004786,2.84E-06,7.05E-05
ENSG00000137962,4500.579844,1.201362984,0.283730606,4.234167754,2.29E-05,0.000439583
ENSG00000138073,1697.499041,1.121016974,0.217606161,5.151586546,2.58E-07,8.33E-06
ENSG00000138074,435.9435945,1.211637825,0.180947019,6.696091655,2.14E-11,1.82E-09
ENSG00000138135,37.83970977,-1.559178588,0.369553723,-4.219085047,2.45E-05,0.000464724
ENSG00000138166,402.1726717,1.277834296,0.251920577,5.072369676,3.93E-07,1.20E-05
ENSG00000138311,109.6546221,-1.010431991,0.255804798,-3.950011874,7.81E-05,0.00123952
ENSG00000138316,799.5608193,-2.409357511,0.304929303,-7.901364299,2.76E-15,4.16E-13
ENSG00000138356,4456.799648,1.455091387,0.312837895,4.651263198,3.30E-06,8.04E-05
ENSG00000138483,4.870452431,3.674531282,1.015810153,3.617340574,0.000297646,0.003887335
ENSG00000138615,840.3782617,1.369089629,0.325223932,4.209682912,2.56E-05,0.000480046
ENSG00000138669,239.2187689,-1.637272912,0.393524383,-4.160537393,3.17E-05,0.000576035
ENSG00000138678,118.0695298,1.160046827,0.19856324,5.842203346,5.15E-09,2.52E-07
ENSG00000138735,6850.213188,-1.166146228,0.229385518,-5.083783132,3.70E-07,1.14E-05
ENSG00000138829,15701.21888,2.073721965,0.670793911,3.091444226,0.001991854,0.018266928
ENSG00000139055,17.49697357,2.06272887,0.716050707,2.880702232,0.003967903,0.031266126
ENSG00000139132,1223.463152,2.253936708,0.205574548,10.96408446,5.69E-28,3.88E-25
ENSG00000139269,16.80647992,-1.851327915,0.422788739,-4.378848686,1.19E-05,0.000248817
ENSG00000139354,124.2479759,-1.129394197,0.244508493,-4.619038731,3.86E-06,9.18E-05
ENSG00000140105,2493.962612,-1.334557474,0.223838055,-5.962156313,2.49E-09,1.33E-07
ENSG00000140511,146.4490989,1.341046733,0.383721679,3.494842247,0.000474342,0.005746716
ENSG00000140545,9199.604857,1.093847814,0.169931513,6.436992131,1.22E-10,8.84E-09
ENSG00000140600,11.20518628,-2.773274196,0.775404857,-3.576549942,0.000348159,0.004414887
ENSG00000140807,96.22044748,2.510612325,0.379196599,6.620872482,3.57E-11,2.94E-09
ENSG00000141150,151.0820274,1.571786586,0.30395899,5.171048193,2.33E-07,7.57E-06
ENSG00000141298,2049.478204,1.217398353,0.186839641,6.515739097,7.23E-11,5.44E-09
ENSG00000141401,627.5280675,2.355550146,0.233108894,10.10493469,5.25E-24,2.30E-21
ENSG00000141469,53.43548101,-3.874259985,0.761018737,-5.09088646,3.56E-07,1.10E-05
ENSG00000142871,5220.264856,1.818536365,0.339043673,5.363723054,8.15E-08,2.99E-06
ENSG00000143127,265.8132765,3.727874753,0.771024624,4.834961991,1.33E-06,3.55E-05
ENSG00000143226,21.56848067,-1.249711589,0.422601014,-2.957190228,0.003104565,0.025831785
ENSG00000143320,1492.110315,-1.670643977,0.195634774,-8.539606461,1.35E-17,2.70E-15
ENSG00000143344,1077.617718,-1.069173082,0.154827325,-6.905583873,5.00E-12,4.87E-10
ENSG00000143494,18.96073977,-3.941856029,0.600450374,-6.564832336,5.21E-11,4.06E-09
ENSG00000143507,318.9469556,-1.176124643,0.199766938,-5.887483962,3.92E-09,1.97E-07
ENSG00000143786,77.77589163,-1.516493664,0.224022176,-6.76939084,1.29E-11,1.16E-09
ENSG00000143869,99.09385068,1.949655053,0.394839637,4.937840252,7.90E-07,2.23E-05
ENSG00000143878,3314.354208,1.199234002,0.174705281,6.864325988,6.68E-12,6.24E-10
ENSG00000143891,528.3869626,-1.112014419,0.143423508,-7.753362317,8.95E-15,1.22E-12
ENSG00000144362,62.37436841,1.451084605,0.338610783,4.285405774,1.82E-05,0.000360022
ENSG00000144369,1303.263227,-1.350294024,0.116149009,-11.62553206,3.06E-31,3.13E-28
ENSG00000144648,25.41763232,2.2083453,0.683892137,3.229084208,0.001241873,0.012565437
ENSG00000144891,117.6608607,1.227484424,0.443010063,2.770782258,0.005592181,0.04060726
ENSG00000145242,26.32181792,-1.493540906,0.426922729,-3.498386956,0.000468081,0.005676488
ENSG00000145244,167.0137555,1.955726593,0.291625438,6.706296291,2.00E-11,1.71E-09
ENSG00000145390,8442.045142,2.30685058,0.590765912,3.904847135,9.43E-05,0.001462728
ENSG00000145506,157.5036358,1.377249288,0.481694751,2.859174372,0.004247452,0.032891857
ENSG00000145569,20.53380464,2.419809637,0.657355566,3.681127478,0.000232205,0.003148787
ENSG00000145632,523.6739554,-1.029126638,0.252994862,-4.067776836,4.75E-05,0.000810052
ENSG00000145675,3495.187601,1.628727806,0.283065381,5.753892627,8.72E-09,4.10E-07
ENSG00000145685,2018.150552,-1.243431973,0.152811985,-8.137005578,4.05E-16,6.78E-14
ENSG00000145777,152.3708416,-2.786560709,0.261714256,-10.64734017,1.79E-26,1.03E-23
ENSG00000145861,91.56648341,-1.022743039,0.326599789,-3.131487139,0.001739234,0.016382606
ENSG00000145911,65.42882907,-1.348739478,0.342201026,-3.941365963,8.10E-05,0.001280655
ENSG00000146006,46.80701211,-4.123966226,0.463957289,-8.888676448,6.18E-19,1.46E-16
ENSG00000146122,1942.425554,1.653144214,0.257066057,6.430814832,1.27E-10,9.13E-09
ENSG00000146250,313.6861593,-2.73134343,0.346290465,-7.887434707,3.08E-15,4.62E-13
ENSG00000146373,818.9863085,1.08989978,0.154506281,7.05408075,1.74E-12,1.88E-10
ENSG00000146592,669.3948031,-1.994857272,0.221528921,-9.004951862,2.16E-19,5.52E-17
ENSG00000147027,12593.31425,1.14924992,0.266834998,4.306968466,1.66E-05,0.000330566
ENSG00000147119,453.2333812,1.548871592,0.210749895,7.349335047,1.99E-13,2.45E-11
ENSG00000147576,242.9634448,1.491275266,0.279430065,5.336846154,9.46E-08,3.41E-06
ENSG00000147655,151.3716169,-1.482066379,0.506721264,-2.924815839,0.003446601,0.028096132
ENSG00000147883,517.0271299,-1.489156218,0.27785481,-5.359476122,8.35E-08,3.05E-06
ENSG00000148120,743.9996823,1.100636564,0.167546137,6.569155123,5.06E-11,3.98E-09
ENSG00000148175,11193.7232,1.451493514,0.084895778,17.09735801,1.55E-65,1.43E-61
ENSG00000148541,91.2055818,-1.293981796,0.471775055,-2.74279401,0.006091889,0.043347037
ENSG00000148677,5.285382255,3.858030114,1.39907941,2.757549062,0.005823647,0.041842554
ENSG00000148848,1365.163975,-1.83304055,0.277093267,-6.615247536,3.71E-11,3.02E-09
ENSG00000149218,2027.184205,1.961854724,0.250512319,7.831370259,4.83E-15,6.86E-13
ENSG00000149256,648.7481239,-1.437495446,0.327227049,-4.392960337,1.12E-05,0.000235059
ENSG00000149403,45.05960541,-2.174660413,0.599805529,-3.625609145,0.000288281,0.003794637
ENSG00000149488,60.02672763,1.062883936,0.35665594,2.980138048,0.002881185,0.024442333
ENSG00000149548,20.41822454,-1.056054911,0.361448728,-2.921728119,0.003480953,0.02831349
ENSG00000149591,7792.455097,1.316501632,0.348864058,3.773680894,0.000160856,0.002299823
ENSG00000149633,241.8944537,-1.488243944,0.277523135,-5.362594168,8.20E-08,3.00E-06
ENSG00000150594,41.65140355,-2.333509258,0.600866362,-3.883574463,0.000102932,0.001574329
ENSG00000150636,73.782394,-1.062430872,0.318373319,-3.337060013,0.000846697,0.00920043
ENSG00000150907,678.8679103,2.288685463,0.267208232,8.565175729,1.08E-17,2.18E-15
ENSG00000150938,10974.74938,1.054244301,0.273178716,3.859174378,0.000113771,0.001710276
ENSG00000151690,939.0746134,1.036236416,0.225562371,4.594012774,4.35E-06,0.000101097
ENSG00000151726,1460.175912,1.604204674,0.177428967,9.04139104,1.55E-19,4.07E-17
ENSG00000152463,7.533174341,3.913820723,0.871124498,4.492837396,7.03E-06,0.000154996
ENSG00000152495,69.11173788,-1.325224104,0.204154834,-6.491269778,8.51E-11,6.35E-09
ENSG00000152580,5992.44572,-1.155399917,0.365090589,-3.164693785,0.001552462,0.014983541
ENSG00000152583,997.4447326,4.602554541,0.211741943,21.73662182,9.25E-105,1.70E-100
ENSG00000152779,45.6803014,4.031638719,0.669463728,6.02219142,1.72E-09,9.57E-08
ENSG00000153207,1843.642103,1.288571862,0.230216617,5.597214817,2.18E-08,9.35E-07
ENSG00000153904,3072.522784,1.33305087,0.319738035,4.169197036,3.06E-05,0.000556775
ENSG00000154127,416.1789349,1.121078128,0.25353255,4.42183115,9.79E-06,0.000209076
ENSG00000154262,2397.113316,1.037595571,0.167347716,6.200237409,5.64E-10,3.50E-08
ENSG00000154263,153.557368,-1.412607316,0.307113492,-4.599626377,4.23E-06,9.92E-05
ENSG00000154310,763.3526696,-1.123460466,0.193270735,-5.812884541,6.14E-09,2.98E-07
ENSG00000154734,30315.11317,2.29536291,0.255095843,8.998041218,2.30E-19,5.80E-17
ENSG00000154736,3780.495685,2.126494855,0.412728648,5.152283146,2.57E-07,8.31E-06
ENSG00000154856,1452.404964,1.771750416,0.595893886,2.973264971,0.0029465,0.024844227
ENSG00000154864,153.2339752,-2.603225837,0.732675798,-3.553039206,0.000380808,0.004776958
ENSG00000154930,670.046865,1.882649681,0.303253902,6.208163084,5.36E-10,3.34E-08
ENSG00000155011,12.10704834,-1.584236492,0.51534598,-3.074122148,0.00211123,0.019214241
ENSG00000155130,5654.021876,-1.182353148,0.160057712,-7.38704268,1.50E-13,1.86E-11
ENSG00000155324,535.8892178,1.303194536,0.310795508,4.19309322,2.75E-05,0.000509796
ENSG00000155749,18.92354835,1.030296065,0.354825619,2.903668758,0.003688181,0.029555205
ENSG00000155897,24.28827783,-3.966405877,0.838169162,-4.732225972,2.22E-06,5.65E-05
ENSG00000155962,402.9300333,-1.234809094,0.194974847,-6.333171227,2.40E-10,1.61E-08
ENSG00000156675,1631.874131,1.545323218,0.34913123,4.426195903,9.59E-06,0.000205369
ENSG00000156804,3746.774187,1.106140269,0.261713378,4.226533153,2.37E-05,0.000452874
ENSG00000157150,167.6157676,2.932662225,0.287361805,10.20546982,1.87E-24,8.42E-22
ENSG00000157152,49.94911378,3.559317943,0.436838759,8.147898661,3.70E-16,6.26E-14
ENSG00000157214,3009.272875,1.987736092,0.220645921,9.008714409,2.08E-19,5.41E-17
ENSG00000157368,52.06914812,-2.149086323,0.376390228,-5.709729333,1.13E-08,5.18E-07
ENSG00000157510,488.000363,1.697283338,0.216703295,7.832291342,4.79E-15,6.86E-13
ENSG00000157514,2205.718848,3.338542963,0.355144337,9.400524266,5.43E-21,1.75E-18
ENSG00000157578,18.23186126,-1.153947125,0.3766999,-3.063306164,0.00218906,0.019731539
ENSG00000157617,961.8268426,1.131742453,0.281065271,4.026617901,5.66E-05,0.000940443
ENSG00000158125,23.17126936,1.356974736,0.449768998,3.017048177,0.002552492,0.022297983
ENSG00000158246,70.30286601,2.334572521,0.231530412,10.08322189,6.55E-24,2.81E-21
ENSG00000158716,158.9792351,1.339261873,0.214659769,6.238998024,4.40E-10,2.82E-08
ENSG00000158806,34.16375593,-1.129424954,0.363299115,-3.10880183,0.001878477,0.01743645
ENSG00000158813,81.94293707,1.531929522,0.351584912,4.357210647,1.32E-05,0.000272258
ENSG00000159023,342.1024797,-1.040573628,0.2021867,-5.146597826,2.65E-07,8.52E-06
ENSG00000159167,924.3184514,2.277384018,0.69543796,3.274747925,0.001057563,0.011034007
ENSG00000159200,2858.619218,1.149007438,0.409339716,2.806977661,0.005000871,0.037314035
ENSG00000159212,757.3516669,1.051184871,0.226222596,4.646683793,3.37E-06,8.18E-05
ENSG00000159713,14.11850931,-1.544395562,0.451602917,-3.419808648,0.000626652,0.007198875
ENSG00000160097,14.65095966,-1.678064428,0.434525044,-3.861835933,0.000112538,0.0016959
ENSG00000160145,42.15597057,-1.634570359,0.361067615,-4.527047821,5.98E-06,0.000133835
ENSG00000160200,834.069634,1.247281097,0.303275272,4.112702921,3.91E-05,0.000689115
ENSG00000160223,16.54368528,-1.582880175,0.549771404,-2.879160619,0.003987352,0.031392513
ENSG00000160256,151.9380041,1.008644065,0.302075999,3.339040739,0.000840682,0.009160453
ENSG00000160460,175.8032618,-1.086296689,0.221015662,-4.915021315,8.88E-07,2.48E-05
ENSG00000161267,64.14397377,1.467363187,0.266120544,5.513904209,3.51E-08,1.43E-06
ENSG00000161381,489.5703004,-1.236233533,0.282303323,-4.379096634,1.19E-05,0.000248816
ENSG00000161647,166.341417,1.568308267,0.165807464,9.4586108,3.12E-21,1.06E-18
ENSG00000162407,25853.40507,-1.01331242,0.206880111,-4.898065921,9.68E-07,2.66E-05
ENSG00000162426,168.5968707,1.2951594,0.157101455,8.244095521,1.66E-16,2.98E-14
ENSG00000162493,1099.638077,1.885989158,0.625012563,3.017521996,0.002548505,0.02227372
ENSG00000162496,3692.000321,1.127171759,0.360095537,3.13020197,0.001746862,0.016437637
ENSG00000162614,5393.114541,2.029958891,0.151706516,13.38082859,7.83E-41,1.31E-37
ENSG00000162616,1467.638323,1.52097018,0.1234431,12.32122478,6.96E-35,9.16E-32
ENSG00000162630,42.64706564,2.853690548,0.592891514,4.813174891,1.49E-06,3.93E-05
ENSG00000162643,89.0649433,-1.584739392,0.235773361,-6.721452274,1.80E-11,1.56E-09
ENSG00000162692,508.1648107,-3.609332048,0.326428735,-11.05702916,2.03E-28,1.56E-25
ENSG00000162772,373.5123818,1.975811166,0.333915173,5.917105082,3.28E-09,1.69E-07
ENSG00000162878,1588.441631,1.539972851,0.30766243,5.005397797,5.57E-07,1.66E-05
ENSG00000162998,89.4044039,1.776752275,0.437079918,4.065051268,4.80E-05,0.00081806
ENSG00000163017,1159.272968,1.928157392,0.670437591,2.875968496,0.004027899,0.031664691
ENSG00000163072,19.53943377,1.024267831,0.373093396,2.745338948,0.006044843,0.043115025
ENSG00000163083,418.9194724,3.643910777,0.669899363,5.439489834,5.34E-08,2.08E-06
ENSG00000163110,1314.18348,1.587003606,0.171091379,9.275766045,1.76E-20,5.15E-18
ENSG00000163171,1357.572998,1.511883715,0.285191413,5.301294657,1.15E-07,4.10E-06
ENSG00000163251,54.25844822,2.476543802,0.397787008,6.225803635,4.79E-10,3.02E-08
ENSG00000163378,1805.287929,1.264030026,0.176503564,7.161498597,7.98E-13,9.24E-11
ENSG00000163431,4934.729291,1.150726951,0.256828865,4.480520331,7.45E-06,0.000163239
ENSG00000163485,45.74883678,-1.652662916,0.474785725,-3.480860584,0.000499806,0.005979924
ENSG00000163491,160.2233398,-2.472566117,0.236886255,-10.43777789,1.67E-25,8.77E-23
ENSG00000163513,13216.6324,1.454989585,0.173512712,8.385492742,5.05E-17,9.69E-15
ENSG00000163661,8565.675761,2.238557485,0.328937676,6.805415272,1.01E-11,9.23E-10
ENSG00000163697,2266.275313,1.080649585,0.105703022,10.22345026,1.56E-24,7.35E-22
ENSG00000163803,102.8244145,1.488515613,0.334416693,4.451080471,8.54E-06,0.000184884
ENSG00000163823,10.45755025,-1.820495209,0.602811259,-3.020008636,0.002527675,0.022153773
ENSG00000163884,561.1110483,4.58218143,0.412315586,11.11328696,1.08E-28,8.66E-26
ENSG00000164070,591.6808675,-1.293662685,0.244233883,-5.296819065,1.18E-07,4.18E-06
ENSG00000164104,1065.179666,1.239306146,0.198632366,6.239195397,4.40E-10,2.82E-08
ENSG00000164105,538.5110692,1.231587313,0.166052241,7.416866573,1.20E-13,1.51E-11
ENSG00000164106,26.28346802,1.5195077,0.512275213,2.966194074,0.003015102,0.025272233
ENSG00000164122,19.15584887,1.936280542,0.698414426,2.772394827,0.00556455,0.040454475
ENSG00000164125,5596.351415,1.124561042,0.098115336,11.46162353,2.06E-30,1.89E-27
ENSG00000164142,6.905749711,2.202374372,0.740284601,2.975037398,0.002929528,0.024747684
ENSG00000164171,845.1855669,-1.030876069,0.231620019,-4.450720942,8.56E-06,0.000184977
ENSG00000164292,14399.51901,1.051541166,0.235138655,4.472004681,7.75E-06,0.000169273
ENSG00000164330,884.9258384,1.121802242,0.213455192,5.255446043,1.48E-07,5.08E-06
ENSG00000164442,7510.496392,1.616248399,0.2660751,6.074406805,1.24E-09,7.21E-08
ENSG00000164483,12.55843361,-1.382744905,0.471765514,-2.931000388,0.003378724,0.027652976
ENSG00000164484,816.7876386,-1.213658014,0.125587047,-9.663878917,4.29E-22,1.58E-19
ENSG00000164619,553.2661192,-1.467384444,0.347994651,-4.216686782,2.48E-05,0.000467767
ENSG00000164647,1920.710849,1.556762209,0.141029484,11.03855846,2.49E-28,1.83E-25
ENSG00000164761,7614.290765,-1.535162635,0.343601777,-4.46785418,7.90E-06,0.000171978
ENSG00000165030,1429.951195,1.151720788,0.20108045,5.727661667,1.02E-08,4.70E-07
ENSG00000165072,641.0888303,2.302119223,0.76014595,3.028522646,0.002457527,0.021669823
ENSG00000165105,33.63441107,-1.816183606,0.614556742,-2.955274073,0.003123914,0.025971502
ENSG00000165125,29.86116398,1.740132222,0.527743861,3.29730453,0.000976176,0.010355
ENSG00000165244,42.82561279,1.222333792,0.374722474,3.261970865,0.001106405,0.011452755
ENSG00000165272,138.5709006,-2.98047666,0.455859768,-6.538143672,6.23E-11,4.78E-09
ENSG00000165388,13.18814489,-2.850028622,0.876983299,-3.249809461,0.001154824,0.011860611
ENSG00000165495,15.35464947,-2.243640205,0.528530492,-4.245053479,2.19E-05,0.000420526
ENSG00000165507,18353.55899,1.615949167,0.270130838,5.982098077,2.20E-09,1.19E-07
ENSG00000165644,74.73884585,1.025590863,0.243879531,4.205317512,2.61E-05,0.00048742
ENSG00000165891,39.98674898,-1.496134271,0.366002148,-4.087774566,4.36E-05,0.000755919
ENSG00000165895,108.5354209,-1.324078643,0.305886811,-4.328655554,1.50E-05,0.000304593
ENSG00000165899,27.85188597,1.889777862,0.521390464,3.624496406,0.000289525,0.003808288
ENSG00000165995,495.0956865,3.300523652,0.308426316,10.70117392,1.00E-26,5.97E-24
ENSG00000166260,774.2195688,1.05611343,0.215737612,4.895360705,9.81E-07,2.69E-05
ENSG00000166292,38.51749,1.37596826,0.441226057,3.118510883,0.001817674,0.016991103
ENSG00000166473,146.3214717,-1.372245775,0.416898609,-3.291557576,0.000996342,0.010532515
ENSG00000166592,105.6215197,-1.509795754,0.307300225,-4.913096804,8.96E-07,2.50E-05
ENSG00000166670,7.569779423,-2.841526581,0.908346959,-3.128239217,0.00175857,0.016522469
ENSG00000166741,7432.960982,2.162219471,0.177514555,12.18051931,3.95E-34,4.54E-31
ENSG00000166762,15.02528147,-1.757142961,0.579467541,-3.032340615,0.002426652,0.021473714
ENSG00000166793,139.2580573,-1.248983107,0.255204492,-4.894048293,9.88E-07,2.71E-05
ENSG00000166825,4198.983185,1.085522945,0.187155261,5.800119856,6.63E-09,3.18E-07
ENSG00000166979,130.5912151,1.360225497,0.256742857,5.298007173,1.17E-07,4.16E-06
ENSG00000167191,2745.742043,1.890685858,0.341746462,5.532422631,3.16E-08,1.30E-06
ENSG00000167549,1996.396801,2.36464669,0.285727487,8.275881031,1.28E-16,2.35E-14
ENSG00000167552,9310.09165,-1.19792986,0.2311328,-5.182863962,2.19E-07,7.16E-06
ENSG00000167641,231.6726659,2.833679598,0.441817253,6.413691579,1.42E-10,9.91E-09
ENSG00000167642,61.50530141,2.058412608,0.630089316,3.266858456,0.00108748,0.011309153
ENSG00000167645,624.0685617,1.14338541,0.189439213,6.035632171,1.58E-09,8.89E-08
ENSG00000167771,45.61110833,-1.424536286,0.259825009,-5.482675784,4.19E-08,1.67E-06
ENSG00000167992,251.542182,-1.504988935,0.287372615,-5.237064542,1.63E-07,5.57E-06
ENSG00000168309,159.5302764,4.717231268,1.075768657,4.384986714,1.16E-05,0.000243004
ENSG00000168398,5604.033607,-1.991928302,0.325850972,-6.113004024,9.78E-10,5.86E-08
ENSG00000168481,21.00393276,4.880826117,0.870445089,5.607276299,2.06E-08,8.84E-07
ENSG00000168556,382.0176647,1.296907083,0.233058603,5.564725217,2.63E-08,1.09E-06
ENSG00000168621,218.3476228,1.812366255,0.307469976,5.894449537,3.76E-09,1.91E-07
ENSG00000168646,316.5376543,1.174050197,0.23499848,4.995990594,5.85E-07,1.73E-05
ENSG00000168811,36.07992129,-1.976943011,0.492482968,-4.014236306,5.96E-05,0.00098763
ENSG00000168918,16.14991356,-2.098124663,0.51939616,-4.039545963,5.36E-05,0.000896556
ENSG00000168994,1328.006674,1.386569975,0.213237796,6.502458754,7.90E-11,5.92E-09
ENSG00000169031,44.87116877,2.078029546,0.447141344,4.647366154,3.36E-06,8.17E-05
ENSG00000169129,10.24804875,-2.004789109,0.698214483,-2.871308397,0.004087765,0.031964414
ENSG00000169218,643.194353,1.348216995,0.255562756,5.275483085,1.32E-07,4.64E-06
ENSG00000169271,82.82985658,2.385635899,0.46601472,5.119228637,3.07E-07,9.67E-06
ENSG00000169297,9.592904325,-3.181372692,1.094833629,-2.90580469,0.0036631,0.029421999
ENSG00000169715,554.1971923,2.175935343,0.253144949,8.595610353,8.28E-18,1.71E-15
ENSG00000169738,627.449399,2.149767022,0.237213096,9.062598382,1.27E-19,3.45E-17
ENSG00000169744,616.8409554,-1.318950033,0.179619777,-7.343011186,2.09E-13,2.55E-11
ENSG00000169750,73.67462946,1.47869344,0.22650646,6.528261656,6.65E-11,5.04E-09
ENSG00000169855,1727.804136,-1.131072978,0.205326174,-5.508664375,3.62E-08,1.47E-06
ENSG00000169908,952.8458863,1.168790848,0.215523883,5.423022418,5.86E-08,2.25E-06
ENSG00000170214,201.5773695,3.680018806,0.479533692,7.674161096,1.67E-14,2.19E-12
ENSG00000170323,8.794706573,3.558058369,1.029721882,3.455358608,0.000549561,0.006442568
ENSG00000170485,287.5252156,1.172594527,0.245881509,4.768941473,1.85E-06,4.80E-05
ENSG00000170624,2121.062253,-1.183204247,0.273726888,-4.322572242,1.54E-05,0.000310379
ENSG00000170647,28.04876621,-1.075007919,0.37284967,-2.883220789,0.003936314,0.031097052
ENSG00000170775,213.7907665,1.492985093,0.529570485,2.819237731,0.004813785,0.036270807
ENSG00000170873,1487.261949,1.959017183,0.588432496,3.329213117,0.000870917,0.009411938
ENSG00000170989,241.9264126,-1.478106844,0.230490556,-6.412873779,1.43E-10,9.92E-09
ENSG00000171033,245.1529852,-1.330903402,0.343816558,-3.870969479,0.000108403,0.001643002
ENSG00000171132,401.5918447,-1.183943527,0.209912661,-5.640172065,1.70E-08,7.48E-07
ENSG00000171227,14.63977879,-2.151324365,0.743837486,-2.892196758,0.003825583,0.030339409
ENSG00000171385,119.4928433,1.493775589,0.485010341,3.079884001,0.002070812,0.018906301
ENSG00000171502,75.81971164,-1.0121732,0.37157335,-2.724019904,0.006449262,0.045520567
ENSG00000171509,35.21842871,-1.956030286,0.472026494,-4.143899355,3.41E-05,0.000610497
ENSG00000171617,710.664323,-1.219215274,0.244732063,-4.981837112,6.30E-07,1.84E-05
ENSG00000171793,688.1407667,1.542106508,0.229303161,6.72518643,1.75E-11,1.55E-09
ENSG00000171817,33.10214457,-1.186882554,0.338353289,-3.507820359,0.000451794,0.005520761
ENSG00000171819,254.8825987,5.796857869,1.397218194,4.148856558,3.34E-05,0.000600311
ENSG00000171877,91.15718699,-1.297491852,0.249261133,-5.205351664,1.94E-07,6.42E-06
ENSG00000172260,1335.016891,1.467779998,0.353547109,4.15158252,3.30E-05,0.000597283
ENSG00000172399,18.93025444,2.18081305,0.79436155,2.745365821,0.006044348,0.043115025
ENSG00000172403,8014.796365,1.723013297,0.255470358,6.744474435,1.54E-11,1.37E-09
ENSG00000172465,395.2795549,1.038885492,0.153323385,6.775779759,1.24E-11,1.12E-09
ENSG00000172497,22.96767345,-1.696666092,0.462497363,-3.668488142,0.000243989,0.003289208
ENSG00000172602,5.819759355,2.022276245,0.752775309,2.68642744,0.007222063,0.049495458
ENSG00000172738,50.83916417,-1.764855122,0.445554322,-3.961032439,7.46E-05,0.001190854
ENSG00000172828,6.884526963,-1.871406066,0.67149583,-2.786921352,0.005321139,0.039132898
ENSG00000172955,31.82021309,1.006800779,0.314712112,3.199116718,0.001378493,0.013662517
ENSG00000172986,756.360325,-1.569467075,0.159712218,-9.826844162,8.63E-23,3.24E-20
ENSG00000173083,49.71961903,1.353315561,0.502800939,2.691553371,0.007112012,0.048923309
ENSG00000173110,13.45691525,-2.686290484,0.539382749,-4.980304782,6.35E-07,1.85E-05
ENSG00000173114,60.56965945,-1.083462573,0.310623464,-3.488025529,0.000486602,0.005852886
ENSG00000173320,81.59299037,-1.101240184,0.406020949,-2.712274297,0.006682327,0.046682494
ENSG00000173838,47.35293126,3.885130694,0.435299786,8.925184021,4.45E-19,1.08E-16
ENSG00000173918,992.657156,1.236536379,0.242891621,5.090897628,3.56E-07,1.10E-05
ENSG00000173947,78.03091078,-1.229014061,0.268303504,-4.580685842,4.63E-06,0.000107352
ENSG00000174306,3234.845527,1.141599104,0.127688509,8.940499913,3.87E-19,9.51E-17
ENSG00000174437,10584.25287,1.38425563,0.206041001,6.71835033,1.84E-11,1.59E-09
ENSG00000174680,14.38885942,3.093495599,0.616219805,5.020117134,5.16E-07,1.54E-05
ENSG00000174697,115.9659142,3.198315299,0.596893584,5.358267174,8.40E-08,3.06E-06
ENSG00000174944,21.36328838,1.592552443,0.385547978,4.130620658,3.62E-05,0.000642049
ENSG00000175130,620.187452,-1.134491616,0.175762059,-6.454701455,1.08E-10,7.96E-09
ENSG00000175197,434.0015931,-1.03873213,0.171735717,-6.048433897,1.46E-09,8.31E-08
ENSG00000175471,158.2522767,1.787171976,0.468848383,3.811833509,0.00013794,0.002025102
ENSG00000175489,9.249604399,-3.399339438,0.839237612,-4.050508923,5.11E-05,0.000862625
ENSG00000175538,105.0558326,-1.187359117,0.258364264,-4.595678598,4.31E-06,0.00010042
ENSG00000175741,220.0599251,1.13168654,0.185328467,6.106382685,1.02E-09,6.05E-08
ENSG00000175928,11.39334024,-2.169864,0.652903906,-3.323404836,0.000889258,0.009582024
ENSG00000175946,46.18750801,1.015918926,0.256292554,3.963903402,7.37E-05,0.001179682
ENSG00000176293,145.1316314,-1.151086473,0.230885999,-4.985518727,6.18E-07,1.81E-05
ENSG00000176771,107.6510224,-2.206225323,0.286962394,-7.688203642,1.49E-14,1.98E-12
ENSG00000176909,52.4593751,-1.115803628,0.298019288,-3.744065143,0.000181067,0.0025453
ENSG00000176928,260.1134129,1.964496544,0.514008951,3.821911154,0.000132421,0.001950832
ENSG00000176971,2618.72488,1.27726541,0.250173693,5.105514464,3.30E-07,1.03E-05
ENSG00000177283,115.0851502,2.469802123,0.277327324,8.905729487,5.30E-19,1.27E-16
ENSG00000177570,102.1209038,-2.027900396,0.369083938,-5.494415188,3.92E-08,1.58E-06
ENSG00000177575,10.10216144,4.406657369,0.928157117,4.747749371,2.06E-06,5.28E-05
ENSG00000177606,3149.91675,-1.078073597,0.328173278,-3.285074282,0.001019555,0.010722503
ENSG00000177614,133.1492047,-2.476074844,0.346670895,-7.142436466,9.17E-13,1.04E-10
ENSG00000177666,1701.231837,1.104999335,0.105057373,10.51805606,7.13E-26,3.86E-23
ENSG00000177674,751.3730195,1.109597126,0.153166692,7.244376121,4.34E-13,5.19E-11
ENSG00000178015,22.97699066,2.600593031,0.537680992,4.836683966,1.32E-06,3.53E-05
ENSG00000178038,34.82125371,-1.060856696,0.336797802,-3.149832604,0.00163364,0.015603469
ENSG00000178184,59.4191748,-1.127198077,0.389327818,-2.895241553,0.003788669,0.030085526
ENSG00000178662,37.90293721,-1.287678746,0.330855133,-3.891971492,9.94E-05,0.001525881
ENSG00000178695,2649.822515,-2.499883042,0.17890348,-13.97336174,2.27E-44,4.64E-41
ENSG00000178723,34.49284813,3.613620471,0.541942952,6.667898273,2.59E-11,2.17E-09
ENSG00000178734,14.38640565,-1.657361855,0.505235576,-3.280374412,0.001036694,0.010865522
ENSG00000179082,29.39455978,-1.137406412,0.411137537,-2.766486417,0.005666395,0.040984547
ENSG00000179094,776.6001641,3.183882623,0.201509406,15.80016877,3.10E-56,1.90E-52
ENSG00000179242,58.33702511,1.387660225,0.478489362,2.900085844,0.003730605,0.029726995
ENSG00000179294,38.61107121,1.027800798,0.274551105,3.743568248,0.000181425,0.002548396
ENSG00000179300,68.23494313,3.018795439,0.647615217,4.661402882,3.14E-06,7.70E-05
ENSG00000179388,47.74345788,-1.854873498,0.421086092,-4.404974499,1.06E-05,0.000223678
ENSG00000179593,67.24281161,9.609752927,1.088969433,8.824630553,1.10E-18,2.50E-16
ENSG00000179820,3784.342777,1.48889061,0.196788496,7.565943343,3.85E-14,4.96E-12
ENSG00000179862,55.18450999,1.459141951,0.347097646,4.203837067,2.62E-05,0.000490123
ENSG00000180139,22.23619108,1.543351795,0.493163556,3.129492796,0.001751084,0.016468951
ENSG00000180672,133.2480639,1.293749444,0.308967077,4.187337557,2.82E-05,0.000521843
ENSG00000181061,2420.908002,1.210313786,0.128107159,9.447667072,3.46E-21,1.16E-18
ENSG00000181467,630.8695713,-1.27245221,0.118414311,-10.74576374,6.20E-27,3.94E-24
ENSG00000181634,26.82807418,-2.60407867,0.510772752,-5.098311649,3.43E-07,1.07E-05
ENSG00000182010,118.3057489,-1.901738761,0.255229858,-7.45108262,9.26E-14,1.18E-11
ENSG00000182379,20.17791778,-1.218354797,0.389827533,-3.125368769,0.001775823,0.0166506
ENSG00000182552,978.4053435,1.125598371,0.170105082,6.61707667,3.66E-11,3.00E-09
ENSG00000182575,282.9776667,1.263875486,0.423246574,2.986144634,0.00282519,0.024164362
ENSG00000182580,426.122914,-1.452570272,0.301483652,-4.818073096,1.45E-06,3.85E-05
ENSG00000182732,5.223942146,-2.583626114,0.805578833,-3.20716733,0.00134049,0.01334331
ENSG00000182836,24.84804234,3.29346327,0.820767361,4.012663546,6.00E-05,0.00099245
ENSG00000183044,498.6902545,1.158070301,0.097141478,11.92148123,9.15E-33,9.91E-30
ENSG00000183092,4.673060856,-3.372350326,1.084674365,-3.109090095,0.001876645,0.017436132
ENSG00000183160,2987.647279,-1.169121783,0.11218874,-10.42102609,1.99E-25,1.02E-22
ENSG00000183454,5.804091293,-4.359558521,1.210427612,-3.601668104,0.000316182,0.004071671
ENSG00000183496,171.5258999,-1.635674826,0.387733008,-4.218559658,2.46E-05,0.000464852
ENSG00000183508,90.03506886,-2.467803303,0.33408744,-7.386698827,1.51E-13,1.86E-11
ENSG00000183801,1368.909878,-1.007215104,0.249274208,-4.040590927,5.33E-05,0.00089397
ENSG00000183876,193.7101658,-1.639361159,0.424860297,-3.858588739,0.000114044,0.001712751
ENSG00000184156,16.29132074,2.514580062,0.567329095,4.432312893,9.32E-06,0.000200559
ENSG00000184307,101.1915753,1.710246702,0.357662446,4.781734063,1.74E-06,4.53E-05
ENSG00000184564,43.21675655,-2.973663633,0.683550832,-4.350318213,1.36E-05,0.000279702
ENSG00000184916,28.94620162,-1.156414604,0.412636915,-2.802499152,0.005070835,0.037742721
ENSG00000185022,648.3385004,1.29752985,0.187143634,6.933336827,4.11E-12,4.07E-10
ENSG00000185112,706.0406408,1.231463196,0.30430539,4.04680047,5.19E-05,0.000875597
ENSG00000185338,222.2616205,-1.172059057,0.30471329,-3.846432356,0.00011985,0.001783627
ENSG00000185432,3885.656472,2.325777476,0.259192674,8.973160554,2.88E-19,7.17E-17
ENSG00000185745,237.7139433,-1.630819563,0.353036274,-4.619410765,3.85E-06,9.18E-05
ENSG00000185813,468.2537,1.122200295,0.154826159,7.248131068,4.23E-13,5.09E-11
ENSG00000185950,1974.87889,2.162853426,0.211627334,10.22010431,1.61E-24,7.42E-22
ENSG00000185972,13.45045745,-1.392410781,0.469787182,-2.963918208,0.00303749,0.025413621
ENSG00000186198,52.62721449,-1.586804586,0.438932094,-3.615148236,0.000300176,0.003912582
ENSG00000186314,38.56924722,1.176926921,0.367565718,3.201949644,0.001365009,0.013558054
ENSG00000186469,277.7473856,-1.056408876,0.333460898,-3.168014252,0.00153484,0.014844579
ENSG00000186575,2623.99717,1.041901064,0.247698899,4.206320929,2.60E-05,0.000485755
ENSG00000186998,5.03984216,-2.210947359,0.779822731,-2.835192247,0.004579812,0.034864503
ENSG00000187193,37.38330615,3.172787753,0.380327582,8.342249959,7.29E-17,1.38E-14
ENSG00000187288,22.44485562,3.786419466,0.637708651,5.937538187,2.89E-09,1.51E-07
ENSG00000187479,42.8705042,1.094933591,0.341994423,3.201612415,0.001366607,0.013561805
ENSG00000187498,2283.82731,1.343261681,0.247359312,5.43040676,5.62E-08,2.17E-06
ENSG00000188176,56.14588928,-3.061556372,0.678952213,-4.509236902,6.51E-06,0.00014435
ENSG00000188312,76.95419152,-1.319761741,0.259995417,-5.076096169,3.85E-07,1.18E-05
ENSG00000188501,7.451800154,-2.919302401,0.768236573,-3.800004456,0.000144693,0.002111355
ENSG00000188536,8.682504786,-2.283234018,0.688533633,-3.316082044,0.00091289,0.009762412
ENSG00000188596,27.89431499,-1.078943195,0.37443852,-2.881496263,0.003957919,0.031223969
ENSG00000188916,53.15810292,2.492819424,0.60558483,4.116383537,3.85E-05,0.000679508
ENSG00000189007,169.7465011,-1.085903051,0.208540172,-5.207164842,1.92E-07,6.41E-06
ENSG00000189221,2341.780676,3.305227365,0.228030724,14.49465804,1.31E-47,3.44E-44
ENSG00000196155,242.4397403,-1.367773496,0.226575627,-6.036719455,1.57E-09,8.86E-08
ENSG00000196196,27.96386851,1.373985599,0.459177376,2.992276344,0.002769055,0.023794748
ENSG00000196230,7908.086707,-1.159693745,0.254608891,-4.554804581,5.24E-06,0.000120097
ENSG00000196476,124.729574,-1.057736986,0.18304339,-5.778613387,7.53E-09,3.57E-07
ENSG00000196507,988.8419829,1.054833071,0.174370274,6.049385883,1.45E-09,8.31E-08
ENSG00000196511,51.35698653,-1.051967473,0.279847137,-3.759078916,0.00017054,0.002412054
ENSG00000196517,229.6380499,-2.216939246,0.166828413,-13.28873908,2.69E-40,4.13E-37
ENSG00000196569,17178.40056,2.070824831,0.294833825,7.023701678,2.16E-12,2.27E-10
ENSG00000196616,46331.46089,1.193805596,0.193647479,6.164839321,7.06E-10,4.33E-08
ENSG00000196850,520.9261711,1.179389486,0.185718946,6.350399416,2.15E-10,1.46E-08
ENSG00000196932,68.82822807,-2.074150983,0.295665638,-7.015191192,2.30E-12,2.38E-10
ENSG00000196950,808.739883,-1.222167117,0.23478316,-5.205514383,1.93E-07,6.42E-06
ENSG00000196975,4908.817887,1.193317613,0.131535372,9.072218327,1.17E-19,3.21E-17
ENSG00000197046,4.936339515,-2.696280495,0.909094001,-2.965898459,0.003018001,0.025285028
ENSG00000197210,18.11303847,1.899457215,0.638673444,2.974066375,0.002938815,0.024802144
ENSG00000197301,209.3710852,2.312917538,0.323303744,7.154007903,8.43E-13,9.70E-11
ENSG00000197312,476.4582501,1.061470594,0.198873387,5.337418985,9.43E-08,3.40E-06
ENSG00000197381,1969.040089,2.32322861,0.591787205,3.925783781,8.64E-05,0.001356373
ENSG00000197594,665.0587061,1.343675373,0.411733211,3.263461236,0.001100602,0.011399828
ENSG00000197943,21.53536611,1.651748614,0.52857559,3.124905209,0.001778624,0.016668374
ENSG00000198108,41.00234389,1.435116004,0.387162632,3.706752367,0.000209934,0.0028915
ENSG00000198203,9.829836074,-1.490224578,0.514151988,-2.898412557,0.003750569,0.029860235
ENSG00000198431,22734.57661,1.546691749,0.200443825,7.71633525,1.20E-14,1.62E-12
ENSG00000198542,3506.913165,1.020545268,0.371077051,2.750224692,0.005955441,0.042573544
ENSG00000198624,2057.204409,2.894946997,0.250638799,11.55027479,7.36E-31,7.13E-28
ENSG00000198691,38.64745161,1.20920573,0.38510015,3.139977303,0.001689609,0.016029961
ENSG00000198944,13.85667535,-1.554473012,0.516821571,-3.007755675,0.002631846,0.02290098
ENSG00000198947,1286.086602,1.00795971,0.36674793,2.748371914,0.005989203,0.042798283
ENSG00000203685,8.003521633,2.963306004,0.76663067,3.865363229,0.000110924,0.001677065
ENSG00000203722,56.6004912,-1.055529135,0.24356768,-4.333617387,1.47E-05,0.000298463
ENSG00000203727,322.8162509,-1.064912922,0.252421691,-4.218785311,2.46E-05,0.000464852
ENSG00000203943,10.81447122,-1.423564214,0.513538568,-2.772068746,0.005570127,0.040479042
ENSG00000205208,588.2173708,-1.386858792,0.196629185,-7.053168608,1.75E-12,1.88E-10
ENSG00000205213,387.9152576,-1.117886685,0.210078231,-5.32128761,1.03E-07,3.68E-06
ENSG00000205364,52.27104631,2.505448607,0.426966558,5.868020715,4.41E-09,2.20E-07
ENSG00000205978,1601.035844,-1.161028587,0.173155747,-6.705111479,2.01E-11,1.72E-09
ENSG00000206052,193.2928899,-1.128397038,0.210009429,-5.373077979,7.74E-08,2.85E-06
ENSG00000206172,11.12912779,-2.563845599,0.643209151,-3.986021646,6.72E-05,0.00109788
ENSG00000206190,290.8895066,1.286965672,0.315796566,4.075299765,4.60E-05,0.000787955
ENSG00000206538,12754.9344,1.343551894,0.227989433,5.89304458,3.79E-09,1.91E-07
ENSG00000206561,35.6614432,-1.069585804,0.284911531,-3.754097985,0.000173967,0.002452534
ENSG00000211445,12285.70005,3.742803103,0.376835773,9.932186301,3.02E-23,1.21E-20
ENSG00000211448,662.6331614,1.5515268,0.337777647,4.5933377,4.36E-06,0.000101297
ENSG00000211574,10.94217576,-1.653859025,0.56562371,-2.923956324,0.003456132,0.028148906
ENSG00000213160,203.8485392,1.634652937,0.327246381,4.995174991,5.88E-07,1.73E-05
ENSG00000213402,14.35077512,1.593973581,0.532401538,2.993931208,0.00275408,0.023688178
ENSG00000213420,15.87134697,-1.50489134,0.474290369,-3.172932526,0.001509076,0.014649253
ENSG00000213493,18.81767936,1.073789114,0.374769901,2.865195715,0.004167516,0.032395443
ENSG00000213626,4674.629591,1.395019442,0.379733286,3.673682274,0.00023908,0.003230123
ENSG00000213639,3975.427512,1.071354009,0.193784356,5.528588747,3.23E-08,1.32E-06
ENSG00000213763,32.55387825,1.327921182,0.340341766,3.901728535,9.55E-05,0.001479213
ENSG00000214212,14.52482257,-1.420205414,0.46627904,-3.045827267,0.002320411,0.020682657
ENSG00000214274,62.03818402,1.121099383,0.219836592,5.099694157,3.40E-07,1.06E-05
ENSG00000214814,243.2732771,-3.159697264,0.47097302,-6.708871066,1.96E-11,1.69E-09
ENSG00000214944,628.4024908,1.085588816,0.190553321,5.697034368,1.22E-08,5.52E-07
ENSG00000215018,6.927673012,2.463625293,0.807018379,3.052749921,0.002267548,0.020348737
ENSG00000215386,101.4412659,-1.375107351,0.228005672,-6.03102255,1.63E-09,9.12E-08
ENSG00000215481,10.29418471,2.564998805,0.703352352,3.646819119,0.000265507,0.00353529
ENSG00000219565,5.212323792,3.778986248,1.088339449,3.472249627,0.000516116,0.006138528
ENSG00000220563,8.908430884,-1.512674827,0.559847453,-2.701941072,0.006893598,0.047727439
ENSG00000221869,1963.575147,1.499277661,0.16137389,9.290707838,1.53E-20,4.63E-18
ENSG00000221968,1863.011567,1.005929969,0.178112446,5.64772418,1.63E-08,7.20E-07
ENSG00000221994,23.38851231,-1.00210218,0.343664311,-2.915933216,0.003546264,0.028717877
ENSG00000223401,40.27543168,1.199805425,0.30213682,3.971066568,7.16E-05,0.001155809
ENSG00000223458,6.196283547,-1.883671182,0.696704586,-2.703687073,0.006857484,0.04758122
ENSG00000223764,25.89128047,-1.77097926,0.444786548,-3.981638536,6.84E-05,0.001114373
ENSG00000223802,6.946924441,-1.97222874,0.692734931,-2.847017886,0.004413088,0.033875373
ENSG00000223811,5.684965959,-2.865311538,0.928794694,-3.084978367,0.00203567,0.018640903
ENSG00000223820,12.47105495,-1.297912393,0.471362227,-2.75353501,0.005895546,0.042260213
ENSG00000223949,17.35392961,-1.829504159,0.461436166,-3.964804438,7.35E-05,0.001177575
ENSG00000224080,9.110217412,2.314071891,0.61512892,3.761929925,0.000168607,0.002392067
ENSG00000224124,46.28536409,1.543003153,0.548067466,2.815352577,0.004872375,0.036622358
ENSG00000224468,32.12596139,1.104223935,0.289693072,3.811702947,0.000138013,0.002025102
ENSG00000225032,38.99159692,1.029910329,0.355001315,2.901145113,0.003718017,0.029686595
ENSG00000225217,5.646548101,-2.423364028,0.839925605,-2.885212708,0.003911493,0.030927497
ENSG00000225313,30.14465658,1.146160842,0.315695541,3.63058926,0.000282775,0.003724821
ENSG00000225383,8.273885041,1.915382132,0.678497287,2.822976847,0.004758001,0.03596822
ENSG00000225415,565.9346341,-1.442885542,0.318675864,-4.527752827,5.96E-06,0.000133552
ENSG00000225783,69.74963432,-1.861061773,0.552542536,-3.368178289,0.000756666,0.008424434
ENSG00000226121,506.8294716,1.299716022,0.234144198,5.550921336,2.84E-08,1.18E-06
ENSG00000226887,6.367019289,2.593861558,0.809226243,3.205360157,0.001348936,0.013406284
ENSG00000226950,220.8177193,1.141744685,0.179229932,6.370279078,1.89E-10,1.29E-08
ENSG00000227051,4615.700805,-1.145143715,0.12571204,-9.109260433,8.29E-20,2.31E-17
ENSG00000227120,6.170585504,-1.906159761,0.683557278,-2.788588202,0.005293833,0.038978782
ENSG00000227268,22.41172959,-1.553879453,0.382854702,-4.058666241,4.94E-05,0.00083765
ENSG00000228798,7.949824438,-1.845968313,0.61744797,-2.989674276,0.002792751,0.023960874
ENSG00000229116,12.60645949,-1.459682446,0.477226024,-3.058681571,0.002223133,0.01999951
ENSG00000229474,19.08796793,-1.136807568,0.382948334,-2.968566428,0.002991924,0.025123705
ENSG00000229644,747.1145602,1.077043461,0.17728754,6.075122136,1.24E-09,7.21E-08
ENSG00000229647,5.044211317,2.991251002,0.891411515,3.35563424,0.000791832,0.008752455
ENSG00000230018,41.51942833,2.41328881,0.491176996,4.913277348,8.96E-07,2.50E-05
ENSG00000230417,33.44101261,-1.569818058,0.3374128,-4.652514831,3.28E-06,8.00E-05
ENSG00000231246,5.970469598,3.522324378,0.927866829,3.796152926,0.000146959,0.002137713
ENSG00000231574,40.85898039,1.142008169,0.400883342,2.848729418,0.004389419,0.033778169
ENSG00000232871,6.078757001,-2.518256181,0.91000108,-2.767311201,0.005652077,0.040897054
ENSG00000233117,77.63159913,3.474327661,0.429410657,8.090920898,5.92E-16,9.48E-14
ENSG00000235109,71.42282577,-1.741668589,0.351526113,-4.954592345,7.25E-07,2.06E-05
ENSG00000235513,28.1190025,-2.123385092,0.389350167,-5.453664269,4.93E-08,1.94E-06
ENSG00000235649,136.7505383,-1.156015942,0.33328787,-3.4685209,0.000523332,0.006205509
ENSG00000235927,33.18656551,1.161032487,0.300608597,3.862273069,0.000112337,0.001695214
ENSG00000235959,6.170585504,-1.906159761,0.683557278,-2.788588202,0.005293833,0.038978782
ENSG00000237697,126.7951863,2.028049964,0.384630317,5.272725202,1.34E-07,4.66E-06
ENSG00000237886,15.67749487,-1.395319437,0.483179554,-2.887786594,0.00387963,0.030688739
ENSG00000237928,7.320186786,3.00860486,0.897551624,3.352013165,0.000802262,0.008825362
ENSG00000240291,21.45987066,1.141615884,0.354474051,3.220590847,0.001279266,0.012835653
ENSG00000240445,668.8377208,1.035640396,0.185996912,5.568051545,2.58E-08,1.08E-06
ENSG00000240498,22.2501712,-1.151641474,0.357638799,-3.220124547,0.001281349,0.012841086
ENSG00000240764,29.26359965,-1.297089868,0.400138941,-3.241598688,0.001188613,0.012126484
ENSG00000240809,30.36333092,1.056239253,0.327283967,3.227286881,0.001249701,0.01260309
ENSG00000240859,51.38206049,1.228830466,0.26148892,4.699359588,2.61E-06,6.54E-05
ENSG00000241399,676.9621485,1.701649861,0.344170732,4.94420269,7.65E-07,2.16E-05
ENSG00000241990,12.56619902,1.339180582,0.480971092,2.784326552,0.0053639,0.039400168
ENSG00000242539,168.5464871,1.030390343,0.178353057,5.777250821,7.59E-09,3.59E-07
ENSG00000243244,996.17203,1.437926745,0.228499942,6.292897629,3.12E-10,2.05E-08
ENSG00000243742,21.21552104,-2.186087691,0.401064237,-5.450717085,5.02E-08,1.97E-06
ENSG00000244301,8.081343566,2.151613183,0.697891141,3.083021201,0.002049106,0.018735988
ENSG00000244490,75.21312465,1.156592645,0.277251519,4.171636823,3.02E-05,0.000552809
ENSG00000245812,181.2530729,1.626880283,0.347413696,4.682832894,2.83E-06,7.03E-05
ENSG00000246430,2162.533816,2.063473013,0.235821264,8.750156682,2.13E-18,4.68E-16
ENSG00000246763,155.4917694,-1.477050841,0.307613201,-4.80164973,1.57E-06,4.15E-05
ENSG00000247311,17.56207414,2.621454274,0.476071674,5.506427743,3.66E-08,1.49E-06
ENSG00000248144,820.4050879,1.152716585,0.225544851,5.110808684,3.21E-07,1.01E-05
ENSG00000248187,7.689529943,3.57028405,0.931837319,3.831445657,0.000127393,0.001887315
ENSG00000249364,8.839183495,5.165288659,1.222449886,4.225358209,2.39E-05,0.000453833
ENSG00000250657,4.805638369,-3.375139208,1.069097704,-3.156997902,0.001594025,0.015296492
ENSG00000250899,54.41685376,1.005552812,0.267252431,3.762558143,0.000168184,0.002387904
ENSG00000250934,4.863723048,3.195064758,0.945288501,3.379989026,0.000724887,0.008139511
ENSG00000250978,56.31855663,6.300228015,0.668047338,9.430810746,4.07E-21,1.34E-18
ENSG00000253139,15.63812851,2.371275973,0.665322196,3.564101708,0.000365104,0.004601915
ENSG00000253276,738.2220894,1.217251908,0.264621272,4.599977544,4.23E-06,9.91E-05
ENSG00000253368,1040.174817,1.967435322,0.241424326,8.149283677,3.66E-16,6.24E-14
ENSG00000253540,48.77454722,-1.180994385,0.380105116,-3.107020498,0.001889833,0.01749687
ENSG00000253833,84.95184253,1.166032067,0.264109236,4.414961339,1.01E-05,0.000214335
ENSG00000254109,48.29055249,1.014627647,0.306594735,3.309344657,0.000935146,0.009959931
ENSG00000254254,68.90666227,1.477053985,0.351743315,4.19923826,2.68E-05,0.000498666
ENSG00000254726,47.8948534,-2.012504001,0.385918836,-5.214837461,1.84E-07,6.18E-06
ENSG00000254842,11.45664109,2.844756972,0.765260793,3.717369294,0.000201308,0.002789382
ENSG00000254851,470.6931589,1.16510592,0.309967054,3.758805674,0.000170726,0.002412837
ENSG00000254987,8.695672323,2.467193762,0.793743489,3.108301103,0.001881663,0.01743876
ENSG00000256340,37.995664,-1.24073618,0.280669891,-4.420624448,9.84E-06,0.000209518
ENSG00000256616,43.91115228,-1.065264855,0.336454882,-3.166144745,0.001544739,0.01491959
ENSG00000258016,41.52956625,1.454788793,0.354397948,4.104958288,4.04E-05,0.000709895
ENSG00000258457,8.33136466,-2.458385563,0.694792225,-3.538303214,0.000402707,0.005014101
ENSG00000259319,12.05891917,-1.454862637,0.512895565,-2.836567005,0.004560141,0.034741797
ENSG00000259426,29.02296504,1.645241273,0.436430375,3.769768026,0.000163399,0.002330751
ENSG00000259448,9.618880787,1.924787834,0.567352051,3.392581081,0.000692374,0.007846199
ENSG00000259583,69.84284582,-1.098037342,0.301983157,-3.636088024,0.00027681,0.003661963
ENSG00000259673,141.6139005,1.004814906,0.353852406,2.839644125,0.004516389,0.034538746
ENSG00000259886,15.97191551,1.586453088,0.492612848,3.220486621,0.001279732,0.012835653
ENSG00000260230,44.44747652,-1.073772519,0.292379766,-3.672526777,0.000240164,0.00324239
ENSG00000260396,17.27630695,1.550680764,0.54977344,2.820581443,0.00479367,0.036148829
ENSG00000260455,11.69504774,-2.184639082,0.786498607,-2.77767699,0.005474901,0.040007117
ENSG00000260802,6.723144038,5.535290968,1.435165096,3.856901889,0.000114833,0.001722031
ENSG00000260807,9.290358897,-1.784722262,0.636950904,-2.801977751,0.005079038,0.03777483
ENSG00000260841,69.34245005,1.21964844,0.297572017,4.098666446,4.16E-05,0.000726697
ENSG00000261121,7.005155343,-3.114534117,0.866340296,-3.595047039,0.000324333,0.004159186
ENSG00000261425,22.80020847,-1.956859454,0.554508164,-3.52900026,0.000417133,0.005162298
ENSG00000261452,4.682901588,-2.651379549,0.915137796,-2.897246252,0.003764541,0.029945585
ENSG00000261468,33.18381117,2.444198506,0.410438783,5.955086629,2.60E-09,1.38E-07
ENSG00000261490,64.26252908,1.439512788,0.246487752,5.840098639,5.22E-09,2.55E-07
ENSG00000261589,78.43175166,1.322332679,0.363534727,3.637431526,0.00027537,0.003645539
ENSG00000261597,184.8237963,-1.033177319,0.176100331,-5.866981126,4.44E-09,2.20E-07
ENSG00000261685,48.4470783,2.328430651,0.430006078,5.414878468,6.13E-08,2.34E-06
ENSG00000261827,11.54455794,-1.879740038,0.533862208,-3.52102099,0.000429889,0.005288175
ENSG00000263567,4.103921609,-5.404602702,1.596305042,-3.385695441,0.000709981,0.008001411
ENSG00000264007,8.637908312,1.885603957,0.614777153,3.067134079,0.002161219,0.019565826
ENSG00000264745,9.80843459,1.486812205,0.550147388,2.702570688,0.006880555,0.047687401
ENSG00000264868,18.18365997,4.603012351,0.927522887,4.962694089,6.95E-07,1.99E-05
ENSG00000267339,26.23321506,-4.527345865,0.807345469,-5.607693406,2.05E-08,8.84E-07
ENSG00000267480,24.26218078,2.388049428,0.503097324,4.746694757,2.07E-06,5.30E-05
ENSG00000267528,18.33329739,-2.105612731,0.628071822,-3.352503104,0.000800843,0.008820294
ENSG00000267669,85.66725394,1.487092031,0.281412645,5.284382405,1.26E-07,4.44E-06
ENSG00000267683,6.119437021,-2.497738901,0.731855883,-3.412883545,0.000642794,0.007356776
ENSG00000268894,6.628792012,4.164731414,1.207356103,3.449464003,0.000561701,0.00655911
ENSG00000268913,72.8570733,2.59404263,0.402021066,6.452504237,1.10E-10,8.04E-09
ENSG00000269289,8.283983225,3.203387892,0.799406063,4.007209902,6.14E-05,0.001013819
ENSG00000269728,301.775957,1.127011205,0.237971131,4.73591565,2.18E-06,5.56E-05
ENSG00000269959,10.99468357,-1.660276301,0.570803822,-2.908663601,0.003629772,0.029201508
ENSG00000270093,11.04888274,-2.033108201,0.604127791,-3.365361156,0.000764435,0.008490396
ENSG00000270605,13.90986425,-1.592410816,0.52180216,-3.051752057,0.002275099,0.020387327
ENSG00000270689,4.50367828,4.177209421,1.251758673,3.337072481,0.000846659,0.00920043
ENSG00000271930,24.88117178,-1.013600206,0.338008523,-2.998741563,0.002710972,0.023426814
ENSG00000272168,89.12682028,-1.615985804,0.448097874,-3.6063233,0.000310566,0.004013387
ENSG00000272341,64.56447613,-1.483779802,0.36325356,-4.084694453,4.41E-05,0.000764575
ENSG00000272349,13.42437269,1.333454736,0.453088393,2.943034421,0.003250123,0.026826988
ENSG00000272356,22.91382187,1.108090561,0.393439384,2.81642003,0.004856213,0.036515788
ENSG00000272384,4.617440477,-2.353721108,0.848298254,-2.774638631,0.005526308,0.040271845
ENSG00000272744,10.15160307,1.657538191,0.571426108,2.900704337,0.00372325,0.029694088
ENSG00000272796,17.64007903,-1.663476349,0.495293312,-3.358568165,0.000783474,0.00868091
ENSG00000272841,114.9031971,-2.053546765,0.520233798,-3.947353619,7.90E-05,0.00125228
ENSG00000272870,130.6359094,1.053916549,0.197212746,5.344059003,9.09E-08,3.29E-06
ENSG00000273162,9.986091982,-1.669892508,0.583557748,-2.861571994,0.004215458,0.03267157
ENSG00000273179,167.9193124,-1.407708327,0.45827184,-3.071775758,0.002127895,0.019320553
ENSG00000273259,8.8608772,3.859497027,1.071081781,3.603363529,0.000314126,0.004050858
